220419_12S_barcode01_consensus_cl_id_0_total_supporting_reads_2258	KX381423	96.739	92	3	0	1	92	279	188	5.43e-33	153	108852	N/A	92	GGTGGGTGTGAAGCACCGCCAAGTCCTTTGAGTTTTAAGCTATTGCTAGTAGTTCTCAGGCAAAAATTTTTGTTATAAAATCTTTATGTTTA	KX381423.1;108852;Cuniculus paca isolate M1114 12S ribosomal RNA gene, partial sequence; mitochondrial
220419_12S_barcode01_consensus_cl_id_0_total_supporting_reads_2258	AF520693	96.739	92	3	0	1	92	537	446	5.43e-33	153	108852	N/A	92	GGTGGGTGTGAAGCACCGCCAAGTCCTTTGAGTTTTAAGCTATTGCTAGTAGTTCTCAGGCAAAAATTTTTGTTATAAAATCTTTATGTTTA	AF520693.1;108852;Agouti paca isolate K7 12S ribosomal RNA gene, partial sequence
220419_12S_barcode01_consensus_cl_id_0_total_supporting_reads_2258	AF433906	96.667	90	3	0	3	92	535	446	6.62e-32	150	108852	N/A	92	TGGGTGTGAAGCACCGCCAAGTCCTTTGAGTTTTAAGCTATTGCTAGTAGTTCTCAGGCAAAAATTTTTGTTATAAAATCTTTATGTTTA	AF433906.1;108852;Agouti paca isolate NK12997 12S ribosomal RNA gene, partial sequence; mitochondrial gene for mitochondrial product
220419_12S_barcode01_consensus_cl_id_0_total_supporting_reads_2258	AF433905	94.565	92	5	0	1	92	534	443	2.81e-30	144	108852	N/A	92	GGTGGGTGTGAAGCACCGCCAAGTCCTTTGAGTTTTAAGCTATTGCTAGTAGTTCTCAGGCAAAAATTTTTGTTATAAAATCTTTATGTTTA	AF433905.1;108852;Agouti paca isolate H5831 12S ribosomal RNA gene, partial sequence; mitochondrial gene for mitochondrial product
220419_12S_barcode01_consensus_cl_id_0_total_supporting_reads_2258	KX779920	93.478	92	6	0	1	92	129	38	3.43e-29	140	1967454	N/A	92	GGTGGGTGTGAAGCACCGCCAAGTCCTTTGAGTTTTAAGCTATTGCTAGTAGTTCTCAGGCAAAAATTTTTGTTATAAAATCTTTATGTTTA	KX779920.1;1967454;Dasyprocta sp. 1 EG-2017 isolate P4 12S ribosomal RNA gene, partial sequence; mitochondrial
220419_12S_barcode01_consensus_cl_id_0_total_supporting_reads_2258	KX381742	93.478	92	6	0	1	92	276	185	3.43e-29	140	42152	N/A	92	GGTGGGTGTGAAGCACCGCCAAGTCCTTTGAGTTTTAAGCTATTGCTAGTAGTTCTCAGGCAAAAATTTTTGTTATAAAATCTTTATGTTTA	KX381742.1;42152;Dasyprocta leporina isolate T5709 12S ribosomal RNA gene, partial sequence; mitochondrial
220419_12S_barcode01_consensus_cl_id_0_total_supporting_reads_2258	KX381427	93.478	92	6	0	1	92	276	185	3.43e-29	140	42152	N/A	92	GGTGGGTGTGAAGCACCGCCAAGTCCTTTGAGTTTTAAGCTATTGCTAGTAGTTCTCAGGCAAAAATTTTTGTTATAAAATCTTTATGTTTA	KX381427.1;42152;Dasyprocta leporina isolate M1129 12S ribosomal RNA gene, partial sequence; mitochondrial
220419_12S_barcode01_consensus_cl_id_0_total_supporting_reads_2258	AF433907	93.478	92	6	0	1	92	537	446	3.43e-29	140	143288	N/A	92	GGTGGGTGTGAAGCACCGCCAAGTCCTTTGAGTTTTAAGCTATTGCTAGTAGTTCTCAGGCAAAAATTTTTGTTATAAAATCTTTATGTTTA	AF433907.1;143288;Agouti taczanowskii isolate H6192 12S ribosomal RNA gene, partial sequence; mitochondrial gene for mitochondrial product
220419_12S_barcode01_consensus_cl_id_0_total_supporting_reads_2258	AY012125	93.478	92	6	0	1	92	548	457	3.43e-29	140	143288	N/A	92	GGTGGGTGTGAAGCACCGCCAAGTCCTTTGAGTTTTAAGCTATTGCTAGTAGTTCTCAGGCAAAAATTTTTGTTATAAAATCTTTATGTTTA	AY012125.1;143288;Cuniculus taczanowskii 12S ribosomal RNA gene, partial sequence; and tRNA-Val gene, complete sequence; mitochondrial
220419_12S_barcode01_consensus_cl_id_0_total_supporting_reads_2258	U12453	92.391	92	7	0	1	92	494	403	1.46e-27	135	34846	N/A	92	GGTGGGTGTGAAGCACCGCCAAGTCCTTTGAGTTTTAAGCTATTGCTAGTAGTTCTCAGGCAAAAATTTTTGTTATAAAATCTTTATGTTTA	U12453.1;34846;Dasyprocta punctata mitochondrion 12S rRNA gene, partial sequence
220419_12S_barcode01_consensus_cl_id_2_total_supporting_reads_2269	KX381447	100.000	98	0	0	1	98	277	180	1.51e-40	178	187985	N/A	98	GGTGGGTGTAAGCACCGTCAAGTCCTTTGAGTTTTAAGCTGTTGCTAGTAGTTCTCTGGCAAAAATTTTTGTTGAAAAATTTTTATGTTTATGGTTAG	KX381447.1;187985;Coendou prehensilis isolate M1362 12S ribosomal RNA gene, partial sequence; mitochondrial
220419_12S_barcode01_consensus_cl_id_2_total_supporting_reads_2269	AF520695	100.000	98	0	0	1	98	539	442	1.51e-40	178	43320	N/A	98	GGTGGGTGTAAGCACCGTCAAGTCCTTTGAGTTTTAAGCTGTTGCTAGTAGTTCTCTGGCAAAAATTTTTGTTGAAAAATTTTTATGTTTATGGTTAG	AF520695.1;43320;Coendou bicolor isolate K5 12S ribosomal RNA gene, partial sequence
220419_12S_barcode01_consensus_cl_id_2_total_supporting_reads_2269	KX381500	98.980	98	1	0	1	98	278	181	6.43e-39	173	73858	N/A	98	GGTGGGTGTAAGCACCGTCAAGTCCTTTGAGTTTTAAGCTGTTGCTAGTAGTTCTCTGGCAAAAATTTTTGTTGAAAAATTTTTATGTTTATGGTTAG	KX381500.1;73858;Coendou melanurus isolate M1862 12S ribosomal RNA gene, partial sequence; mitochondrial
220419_12S_barcode01_consensus_cl_id_2_total_supporting_reads_2269	KX381498	98.980	98	1	0	1	98	278	181	6.43e-39	173	73858	N/A	98	GGTGGGTGTAAGCACCGTCAAGTCCTTTGAGTTTTAAGCTGTTGCTAGTAGTTCTCTGGCAAAAATTTTTGTTGAAAAATTTTTATGTTTATGGTTAG	KX381498.1;73858;Coendou melanurus isolate M1860 12S ribosomal RNA gene, partial sequence; mitochondrial
220419_12S_barcode01_consensus_cl_id_2_total_supporting_reads_2269	AY093665	98.980	98	0	1	1	98	264	168	7.84e-38	169	187985	N/A	98	GGTGGGTGTAAGCACCGTCAAGTCCTTTGAGTTTTAAGCTGTTGCTAGTAGTTCTCTGGCAAAAATTTTTGTTGAAAAATTTTTATGTTTATGGTTAG	AY093665.1;187985;Coendou prehensilis 12S ribosomal RNA gene, partial sequence; mitochondrial gene for mitochondrial product
220419_12S_barcode01_consensus_cl_id_2_total_supporting_reads_2269	AJ389549	97.959	98	2	0	1	98	554	457	7.84e-38	168	73858	N/A	98	GGTGGGTGTAAGCACCGTCAAGTCCTTTGAGTTTTAAGCTGTTGCTAGTAGTTCTCTGGCAAAAATTTTTGTTGAAAAATTTTTATGTTTATGGTTAG	AJ389549.1;73858;Coendou melanurus mitochondrial 12S rRNA gene
220419_12S_barcode01_consensus_cl_id_2_total_supporting_reads_2269	AY093667	97.959	98	1	1	1	98	125	29	9.55e-37	165	190504	N/A	98	GGTGGGTGTAAGCACCGTCAAGTCCTTTGAGTTTTAAGCTGTTGCTAGTAGTTCTCTGGCAAAAATTTTTGTTGAAAAATTTTTATGTTTATGGTTAG	AY093667.1;190504;Sphiggurus insidiosus 12S ribosomal RNA gene, partial sequence; mitochondrial gene for mitochondrial product
220419_12S_barcode01_consensus_cl_id_2_total_supporting_reads_2269	KJ155712	96.875	96	3	0	3	98	97	2	4.06e-35	160	34844	N/A	98	TGGGTGTAAGCACCGTCAAGTCCTTTGAGTTTTAAGCTGTTGCTAGTAGTTCTCTGGCAAAAATTTTTGTTGAAAAATTTTTATGTTTATGGTTAG	KJ155712.1;34844;Erethizon dorsatum isolate 25081 12S ribosomal RNA gene, partial sequence; mitochondrial
220419_12S_barcode01_consensus_cl_id_2_total_supporting_reads_2269	AY012118	96.875	96	3	0	3	98	548	453	4.06e-35	160	34844	N/A	98	TGGGTGTAAGCACCGTCAAGTCCTTTGAGTTTTAAGCTGTTGCTAGTAGTTCTCTGGCAAAAATTTTTGTTGAAAAATTTTTATGTTTATGGTTAG	AY012118.1;34844;Erethizon dorsatum 12S ribosomal RNA gene, partial sequence; and tRNA-Val gene, complete sequence; mitochondrial
220419_12S_barcode01_consensus_cl_id_2_total_supporting_reads_2269	U12450	95.833	96	4	0	3	98	502	407	4.94e-34	156	34844	N/A	98	TGGGTGTAAGCACCGTCAAGTCCTTTGAGTTTTAAGCTGTTGCTAGTAGTTCTCTGGCAAAAATTTTTGTTGAAAAATTTTTATGTTTATGGTTAG	U12450.1;34844;Erethizon dorsatum mitochondrion 12S rRNA gene, partial sequence
220419_12S_barcode01_consensus_cl_id_3578_total_supporting_reads_243	KX381447	98.990	99	0	1	1	99	277	180	2.28e-38	171	187985	N/A	99	GGTGGGTGTAAGCACACGTCAAGTCCTTTGAGTTTTAAGCTGTTGCTAGTAGTTCTCTGGCAAAAATTTTTGTTGAAAAATTTTTATGTTTATGGTTAG	KX381447.1;187985;Coendou prehensilis isolate M1362 12S ribosomal RNA gene, partial sequence; mitochondrial
220419_12S_barcode01_consensus_cl_id_3578_total_supporting_reads_243	AF520695	98.990	99	0	1	1	99	539	442	2.28e-38	171	43320	N/A	99	GGTGGGTGTAAGCACACGTCAAGTCCTTTGAGTTTTAAGCTGTTGCTAGTAGTTCTCTGGCAAAAATTTTTGTTGAAAAATTTTTATGTTTATGGTTAG	AF520695.1;43320;Coendou bicolor isolate K5 12S ribosomal RNA gene, partial sequence
220419_12S_barcode01_consensus_cl_id_3578_total_supporting_reads_243	KX381500	97.980	99	1	1	1	99	278	181	2.78e-37	167	73858	N/A	99	GGTGGGTGTAAGCACACGTCAAGTCCTTTGAGTTTTAAGCTGTTGCTAGTAGTTCTCTGGCAAAAATTTTTGTTGAAAAATTTTTATGTTTATGGTTAG	KX381500.1;73858;Coendou melanurus isolate M1862 12S ribosomal RNA gene, partial sequence; mitochondrial
220419_12S_barcode01_consensus_cl_id_3578_total_supporting_reads_243	KX381498	97.980	99	1	1	1	99	278	181	2.78e-37	167	73858	N/A	99	GGTGGGTGTAAGCACACGTCAAGTCCTTTGAGTTTTAAGCTGTTGCTAGTAGTTCTCTGGCAAAAATTTTTGTTGAAAAATTTTTATGTTTATGGTTAG	KX381498.1;73858;Coendou melanurus isolate M1860 12S ribosomal RNA gene, partial sequence; mitochondrial
220419_12S_barcode01_consensus_cl_id_3578_total_supporting_reads_243	AY093665	97.980	99	0	2	1	99	264	168	3.39e-36	163	187985	N/A	99	GGTGGGTGTAAGCACACGTCAAGTCCTTTGAGTTTTAAGCTGTTGCTAGTAGTTCTCTGGCAAAAATTTTTGTTGAAAAATTTTTATGTTTATGGTTAG	AY093665.1;187985;Coendou prehensilis 12S ribosomal RNA gene, partial sequence; mitochondrial gene for mitochondrial product
220419_12S_barcode01_consensus_cl_id_3578_total_supporting_reads_243	AJ389549	96.970	99	2	1	1	99	554	457	1.18e-35	162	73858	N/A	99	GGTGGGTGTAAGCACACGTCAAGTCCTTTGAGTTTTAAGCTGTTGCTAGTAGTTCTCTGGCAAAAATTTTTGTTGAAAAATTTTTATGTTTATGGTTAG	AJ389549.1;73858;Coendou melanurus mitochondrial 12S rRNA gene
220419_12S_barcode01_consensus_cl_id_3578_total_supporting_reads_243	AY093667	96.970	99	1	2	1	99	125	29	1.44e-34	159	190504	N/A	99	GGTGGGTGTAAGCACACGTCAAGTCCTTTGAGTTTTAAGCTGTTGCTAGTAGTTCTCTGGCAAAAATTTTTGTTGAAAAATTTTTATGTTTATGGTTAG	AY093667.1;190504;Sphiggurus insidiosus 12S ribosomal RNA gene, partial sequence; mitochondrial gene for mitochondrial product
220419_12S_barcode01_consensus_cl_id_3578_total_supporting_reads_243	KJ155712	95.876	97	3	1	3	99	97	2	1.75e-33	154	34844	N/A	99	TGGGTGTAAGCACACGTCAAGTCCTTTGAGTTTTAAGCTGTTGCTAGTAGTTCTCTGGCAAAAATTTTTGTTGAAAAATTTTTATGTTTATGGTTAG	KJ155712.1;34844;Erethizon dorsatum isolate 25081 12S ribosomal RNA gene, partial sequence; mitochondrial
220419_12S_barcode01_consensus_cl_id_3578_total_supporting_reads_243	AY012118	95.876	97	3	1	3	99	548	453	1.75e-33	154	34844	N/A	99	TGGGTGTAAGCACACGTCAAGTCCTTTGAGTTTTAAGCTGTTGCTAGTAGTTCTCTGGCAAAAATTTTTGTTGAAAAATTTTTATGTTTATGGTTAG	AY012118.1;34844;Erethizon dorsatum 12S ribosomal RNA gene, partial sequence; and tRNA-Val gene, complete sequence; mitochondrial
220419_12S_barcode01_consensus_cl_id_3578_total_supporting_reads_243	U12450	94.845	97	4	1	3	99	502	407	7.46e-32	150	34844	N/A	99	TGGGTGTAAGCACACGTCAAGTCCTTTGAGTTTTAAGCTGTTGCTAGTAGTTCTCTGGCAAAAATTTTTGTTGAAAAATTTTTATGTTTATGGTTAG	U12450.1;34844;Erethizon dorsatum mitochondrion 12S rRNA gene, partial sequence
220419_12S_barcode01_consensus_cl_id_519_total_supporting_reads_648	OM574937	98.058	103	0	2	1	103	614	514	1.99e-39	175	10117	N/A	103	GATGGATATAAAGTACCGCCAAGTCCTTTGAGGTTTTTAAGCTGTAGCTAGTAGTTCTCTGGCAAATATTTTTGTAGATGTAATTATTAAGGTTTAGGGCTAA	OM574937.1;10117;Rattus rattus isolate KR150765 mitochondrion, complete genome
220419_12S_barcode01_consensus_cl_id_519_total_supporting_reads_648	OM574935	98.058	103	0	2	1	103	614	514	1.99e-39	175	10117	N/A	103	GATGGATATAAAGTACCGCCAAGTCCTTTGAGGTTTTTAAGCTGTAGCTAGTAGTTCTCTGGCAAATATTTTTGTAGATGTAATTATTAAGGTTTAGGGCTAA	OM574935.1;10117;Rattus rattus isolate SML003 mitochondrion, complete genome
220419_12S_barcode01_consensus_cl_id_519_total_supporting_reads_648	OM574934	98.058	103	0	2	1	103	614	514	1.99e-39	175	10117	N/A	103	GATGGATATAAAGTACCGCCAAGTCCTTTGAGGTTTTTAAGCTGTAGCTAGTAGTTCTCTGGCAAATATTTTTGTAGATGTAATTATTAAGGTTTAGGGCTAA	OM574934.1;10117;Rattus rattus isolate KR150758 mitochondrion, complete genome
220419_12S_barcode01_consensus_cl_id_519_total_supporting_reads_648	OM574930	98.058	103	0	2	1	103	614	514	1.99e-39	175	10117	N/A	103	GATGGATATAAAGTACCGCCAAGTCCTTTGAGGTTTTTAAGCTGTAGCTAGTAGTTCTCTGGCAAATATTTTTGTAGATGTAATTATTAAGGTTTAGGGCTAA	OM574930.1;10117;Rattus rattus isolate SNE001 mitochondrion, complete genome
220419_12S_barcode01_consensus_cl_id_519_total_supporting_reads_648	KF011916	98.058	103	0	2	1	103	614	514	1.99e-39	175	35732	N/A	103	GATGGATATAAAGTACCGCCAAGTCCTTTGAGGTTTTTAAGCTGTAGCTAGTAGTTCTCTGGCAAATATTTTTGTAGATGTAATTATTAAGGTTTAGGGCTAA	KF011916.1;35732;Rattus tanezumi mitochondrion, complete genome
220419_12S_barcode01_consensus_cl_id_519_total_supporting_reads_648	MW524552	98.058	103	0	2	1	103	121	21	1.99e-39	175	10117	N/A	103	GATGGATATAAAGTACCGCCAAGTCCTTTGAGGTTTTTAAGCTGTAGCTAGTAGTTCTCTGGCAAATATTTTTGTAGATGTAATTATTAAGGTTTAGGGCTAA	MW524552.1;10117;Rattus rattus isolate VM103019-013 small subunit ribosomal RNA gene, partial sequence; mitochondrial
220419_12S_barcode01_consensus_cl_id_519_total_supporting_reads_648	MW209724	98.058	103	0	2	1	103	626	526	1.99e-39	175	10117	N/A	103	GATGGATATAAAGTACCGCCAAGTCCTTTGAGGTTTTTAAGCTGTAGCTAGTAGTTCTCTGGCAAATATTTTTGTAGATGTAATTATTAAGGTTTAGGGCTAA	MW209724.1;10117;Rattus rattus mitochondrion, complete genome
220419_12S_barcode01_consensus_cl_id_519_total_supporting_reads_648	EU273712	98.058	103	0	2	1	103	614	514	1.99e-39	175	35732	N/A	103	GATGGATATAAAGTACCGCCAAGTCCTTTGAGGTTTTTAAGCTGTAGCTAGTAGTTCTCTGGCAAATATTTTTGTAGATGTAATTATTAAGGTTTAGGGCTAA	EU273712.1;35732;Rattus tanezumi isolate RJPNAna02 9Oct06 mitochondrion, complete genome
220419_12S_barcode01_consensus_cl_id_519_total_supporting_reads_648	NC_012374	98.058	103	0	2	1	103	614	514	1.99e-39	175	10117	N/A	103	GATGGATATAAAGTACCGCCAAGTCCTTTGAGGTTTTTAAGCTGTAGCTAGTAGTTCTCTGGCAAATATTTTTGTAGATGTAATTATTAAGGTTTAGGGCTAA	NC_012374.1;10117;Rattus rattus mitochondrion, complete genome
220419_12S_barcode01_consensus_cl_id_519_total_supporting_reads_648	AJ005780	98.058	103	0	2	1	103	545	445	1.99e-39	175	10117	N/A	103	GATGGATATAAAGTACCGCCAAGTCCTTTGAGGTTTTTAAGCTGTAGCTAGTAGTTCTCTGGCAAATATTTTTGTAGATGTAATTATTAAGGTTTAGGGCTAA	AJ005780.1;10117;Rattus rattus mitochondrial 12S rRNA gene
220419_12S_barcode01_consensus_cl_id_776_total_supporting_reads_892	KX381438	100.000	96	0	0	5	100	180	275	1.90e-39	174	157541	N/A	100	AGCCCTAAACATCAATAATTTATAACAAAATTATTTGCCTGGGAACTACTAGCCACCGCTTAAAACCCAAAGGACTTGGCGGTACTTTATATCCAC	KX381438.1;157541;Zygodontomys brevicauda isolate M1167 12S ribosomal RNA gene, partial sequence; mitochondrial
220419_12S_barcode01_consensus_cl_id_776_total_supporting_reads_892	KX381437	100.000	96	0	0	5	100	180	275	1.90e-39	174	157541	N/A	100	AGCCCTAAACATCAATAATTTATAACAAAATTATTTGCCTGGGAACTACTAGCCACCGCTTAAAACCCAAAGGACTTGGCGGTACTTTATATCCAC	KX381437.1;157541;Zygodontomys brevicauda isolate M1166 12S ribosomal RNA gene, partial sequence; mitochondrial
220419_12S_barcode01_consensus_cl_id_776_total_supporting_reads_892	KX381781	98.958	96	1	0	5	100	180	275	8.09e-38	169	157541	N/A	100	AGCCCTAAACATCAATAATTTATAACAAAATTATTTGCCTGGGAACTACTAGCCACCGCTTAAAACCCAAAGGACTTGGCGGTACTTTATATCCAC	KX381781.1;157541;Zygodontomys brevicauda isolate T6872 12S ribosomal RNA gene, partial sequence; mitochondrial
220419_12S_barcode01_consensus_cl_id_776_total_supporting_reads_892	JF693873	95.833	96	4	0	5	100	4	99	5.11e-34	156	157541	N/A	100	AGCCCTAAACATCAATAATTTATAACAAAATTATTTGCCTGGGAACTACTAGCCACCGCTTAAAACCCAAAGGACTTGGCGGTACTTTATATCCAC	JF693873.1;157541;Zygodontomys brevicauda voucher AMNH257321 12S ribosomal RNA gene, partial sequence; mitochondrial
220419_12S_barcode01_consensus_cl_id_776_total_supporting_reads_892	JF693874	94.792	96	5	0	5	100	4	99	2.17e-32	151	218840	N/A	100	AGCCCTAAACATCAATAATTTATAACAAAATTATTTGCCTGGGAACTACTAGCCACCGCTTAAAACCCAAAGGACTTGGCGGTACTTTATATCCAC	JF693874.1;218840;Zygodontomys cherriei voucher USNM448665 12S ribosomal RNA gene, partial sequence; mitochondrial
220419_12S_barcode01_consensus_cl_id_776_total_supporting_reads_892	JF693843	94.845	97	4	1	5	100	4	100	7.58e-32	150	37025	N/A	100	AGCCCTAAACATCAATAATTT-ATAACAAAATTATTTGCCTGGGAACTACTAGCCACCGCTTAAAACCCAAAGGACTTGGCGGTACTTTATATCCAC	JF693843.1;37025;Microryzomys minutus voucher MVZ166666 12S ribosomal RNA gene, partial sequence; mitochondrial
220419_12S_barcode01_consensus_cl_id_776_total_supporting_reads_892	JF693845	94.792	96	4	1	5	99	4	99	2.65e-31	148	218799	N/A	100	AGCCCTAAACATCAATAATTT-ATAACAAAATTATTTGCCTGGGAACTACTAGCCACCGCTTAAAACCCAAAGGACTTGGCGGTACTTTATATCCA	JF693845.1;218799;Neacomys musseri voucher AMNH272676 12S ribosomal RNA gene, partial sequence; mitochondrial
220419_12S_barcode01_consensus_cl_id_776_total_supporting_reads_892	KP777825	93.814	97	5	1	5	100	5	101	9.23e-31	145	530172	N/A	100	AGCCCTAAACATCAATAATTT-ATAACAAAATTATTTGCCTGGGAACTACTAGCCACCGCTTAAAACCCAAAGGACTTGGCGGTACTTTATATCCAC	KP777825.1;530172;Handleyomys rostratus voucher TTU:44930 12S ribosomal RNA gene, partial sequence
220419_12S_barcode01_consensus_cl_id_776_total_supporting_reads_892	KP777824	93.814	97	5	1	5	100	5	101	9.23e-31	145	530172	N/A	100	AGCCCTAAACATCAATAATTT-ATAACAAAATTATTTGCCTGGGAACTACTAGCCACCGCTTAAAACCCAAAGGACTTGGCGGTACTTTATATCCAC	KP777824.1;530172;Handleyomys rostratus voucher ROM:FN30676 12S ribosomal RNA gene, partial sequence
220419_12S_barcode01_consensus_cl_id_776_total_supporting_reads_892	JF693837	93.814	97	5	1	5	100	4	100	9.23e-31	145	530172	N/A	100	AGCCCTAAACATCAATAATTT-ATAACAAAATTATTTGCCTGGGAACTACTAGCCACCGCTTAAAACCCAAAGGACTTGGCGGTACTTTATATCCAC	JF693837.1;530172;Handleyomys rostratus voucher ROM101843 12S ribosomal RNA gene, partial sequence; mitochondrial
220419_12S_barcode01_consensus_cl_id_9_total_supporting_reads_624	KU892764	95.876	97	4	0	3	99	515	611	1.44e-34	158	43323	N/A	99	TAGCCATAAACATAAAAATTTTACAACAAAAATTTTTGCCAGAGAACTACTAGCAACAGCTTAAAACTCAAAGGACTTGGCGGTGCTTTACACCCAC	KU892764.1;43323;Trinomys setosus voucher UFES:YL-710 mitochondrion, complete genome
220419_12S_barcode01_consensus_cl_id_9_total_supporting_reads_624	KX381447	95.960	99	3	1	1	99	179	276	1.44e-34	158	187985	N/A	99	CCTAGCCATAAACATAAAAATTTTACAACAAAAATTTTTGCCAGAGAACTACTAGCAACAGCTTAAAACTCAAAGGACTTGGCGGTGCTTTACACCCAC	KX381447.1;187985;Coendou prehensilis isolate M1362 12S ribosomal RNA gene, partial sequence; mitochondrial
220419_12S_barcode01_consensus_cl_id_9_total_supporting_reads_624	KX655539	95.876	97	4	0	3	99	515	611	1.44e-34	158	43323	N/A	99	TAGCCATAAACATAAAAATTTTACAACAAAAATTTTTGCCAGAGAACTACTAGCAACAGCTTAAAACTCAAAGGACTTGGCGGTGCTTTACACCCAC	KX655539.1;43323;Trinomys setosus mitochondrion, complete genome
220419_12S_barcode01_consensus_cl_id_9_total_supporting_reads_624	AF433907	95.876	97	4	0	3	99	440	536	1.44e-34	158	143288	N/A	99	TAGCCATAAACATAAAAATTTTACAACAAAAATTTTTGCCAGAGAACTACTAGCAACAGCTTAAAACTCAAAGGACTTGGCGGTGCTTTACACCCAC	AF433907.1;143288;Agouti taczanowskii isolate H6192 12S ribosomal RNA gene, partial sequence; mitochondrial gene for mitochondrial product
220419_12S_barcode01_consensus_cl_id_9_total_supporting_reads_624	AF520695	95.960	99	3	1	1	99	441	538	1.44e-34	158	43320	N/A	99	CCTAGCCATAAACATAAAAATTTTACAACAAAAATTTTTGCCAGAGAACTACTAGCAACAGCTTAAAACTCAAAGGACTTGGCGGTGCTTTACACCCAC	AF520695.1;43320;Coendou bicolor isolate K5 12S ribosomal RNA gene, partial sequence
220419_12S_barcode01_consensus_cl_id_9_total_supporting_reads_624	AF422870	95.876	97	4	0	3	99	448	544	1.44e-34	158	109337	N/A	99	TAGCCATAAACATAAAAATTTTACAACAAAAATTTTTGCCAGAGAACTACTAGCAACAGCTTAAAACTCAAAGGACTTGGCGGTGCTTTACACCCAC	AF422870.1;109337;Trinomys setosus denigratus clone MNRJ 31441 12S ribosomal RNA gene, partial sequence; mitochondrial gene for mitochondrial product
220419_12S_barcode01_consensus_cl_id_9_total_supporting_reads_624	AY012125	95.876	97	4	0	3	99	451	547	1.44e-34	158	143288	N/A	99	TAGCCATAAACATAAAAATTTTACAACAAAAATTTTTGCCAGAGAACTACTAGCAACAGCTTAAAACTCAAAGGACTTGGCGGTGCTTTACACCCAC	AY012125.1;143288;Cuniculus taczanowskii 12S ribosomal RNA gene, partial sequence; and tRNA-Val gene, complete sequence; mitochondrial
220419_12S_barcode01_consensus_cl_id_9_total_supporting_reads_624	AF433921	94.949	99	5	0	1	99	432	530	5.03e-34	157	34846	N/A	99	CCTAGCCATAAACATAAAAATTTTACAACAAAAATTTTTGCCAGAGAACTACTAGCAACAGCTTAAAACTCAAAGGACTTGGCGGTGCTTTACACCCAC	AF433921.1;34846;Dasyprocta punctata isolate NK14152 12S ribosomal RNA gene, partial sequence; mitochondrial gene for mitochondrial product
220419_12S_barcode01_consensus_cl_id_9_total_supporting_reads_624	AF433920	94.898	98	5	0	2	99	432	529	1.75e-33	155	34846	N/A	99	CTAGCCATAAACATAAAAATTTTACAACAAAAATTTTTGCCAGAGAACTACTAGCAACAGCTTAAAACTCAAAGGACTTGGCGGTGCTTTACACCCAC	AF433920.1;34846;Dasyprocta punctata isolate AK14094 12S ribosomal RNA gene, partial sequence; mitochondrial gene for mitochondrial product
220419_12S_barcode01_consensus_cl_id_9_total_supporting_reads_624	U12453	94.898	98	5	0	2	99	396	493	1.75e-33	155	34846	N/A	99	CTAGCCATAAACATAAAAATTTTACAACAAAAATTTTTGCCAGAGAACTACTAGCAACAGCTTAAAACTCAAAGGACTTGGCGGTGCTTTACACCCAC	U12453.1;34846;Dasyprocta punctata mitochondrion 12S rRNA gene, partial sequence
